indicativo,tmax_informados,tmax_nulos,tmin_informados,tmin_nulos,tmed_informados,tmed_nulos,prec_informados,prec_nulos,n_total,tmax_pct,tmin_pct,tmed_pct,prec_pct
9808X,3085,7,3086,6,3085,7,3091,1,3092,99.77,99.81,99.77,99.97
4347X,3074,14,3074,14,3074,14,3072,16,3088,99.55,99.55,99.55,99.48
1159,3078,13,3078,13,3078,13,3090,1,3091,99.58,99.58,99.58,99.97
9060X,3036,11,3036,11,3036,11,3043,4,3047,99.64,99.64,99.64,99.87
9563X,3061,22,3061,22,3061,22,3010,73,3083,99.29,99.29,99.29,97.63
9924X,3089,9,3090,8,3087,11,3091,7,3098,99.71,99.74,99.64,99.77
9031C,3097,5,3081,21,3081,21,3061,41,3102,99.84,99.32,99.32,98.68
3200,3102,0,3102,0,3102,0,3102,0,3102,100.0,100.0,100.0,100.0
C929I,3100,2,3100,2,3100,2,3102,0,3102,99.94,99.94,99.94,100.0
C925F,2691,2,2692,1,2691,2,2692,1,2693,99.93,99.96,99.93,99.96
B684A,3064,22,3064,22,3063,23,3007,79,3086,99.29,99.29,99.25,97.44
1387E,3100,2,3099,3,3098,4,3095,7,3102,99.94,99.9,99.87,99.77
2482B,2983,20,2979,24,2979,24,2944,59,3003,99.33,99.2,99.2,98.04
9374X,3069,5,3063,11,3062,12,3070,4,3074,99.84,99.64,99.61,99.87
9724X,2922,43,2922,43,2922,43,2944,21,2965,98.55,98.55,98.55,99.29
2914C,3038,38,3034,42,3034,42,2990,86,3076,98.76,98.63,98.63,97.2
6332X,212,132,212,132,212,132,195,149,344,61.63,61.63,61.63,56.69
1135C,3087,4,3087,4,3087,4,3088,3,3091,99.87,99.87,99.87,99.9
2512Y,3073,1,3072,2,3072,2,3070,4,3074,99.97,99.93,99.93,99.87
4064Y,3072,15,3071,16,3071,16,3072,15,3087,99.51,99.48,99.48,99.51
B644B,3070,21,3070,21,3070,21,3079,12,3091,99.32,99.32,99.32,99.61
7237E,3087,13,3076,24,3076,24,3096,4,3100,99.58,99.23,99.23,99.87
1052A,3086,6,3086,6,3086,6,3080,12,3092,99.81,99.81,99.81,99.61
1024E,3102,0,3102,0,3102,0,3102,0,3102,100.0,100.0,100.0,100.0
0016B,3070,1,3057,14,3057,14,3071,0,3071,99.97,99.54,99.54,100.0
9228J,3090,6,3088,8,3085,11,3093,3,3096,99.81,99.74,99.64,99.9
4575X,2956,14,2954,16,2954,16,2938,32,2970,99.53,99.46,99.46,98.92
3298X,1815,1031,1815,1031,1815,1031,2775,71,2846,63.77,63.77,63.77,97.51
8409X,3067,32,3067,32,3067,32,3095,4,3099,98.97,98.97,98.97,99.87
5394X,3040,52,3040,52,3040,52,3061,31,3092,98.32,98.32,98.32,99.0
C611E,3040,32,3040,32,3040,32,3025,47,3072,98.96,98.96,98.96,98.47
9299X,3096,1,3094,3,3094,3,3095,2,3097,99.97,99.9,99.9,99.94
4386B,3081,21,3081,21,3081,21,3079,23,3102,99.32,99.32,99.32,99.26
0421X,3096,5,3096,5,3096,5,3099,2,3101,99.84,99.84,99.84,99.94
5769X,3063,31,3061,33,3061,33,3044,50,3094,99.0,98.93,98.93,98.38
5656,2993,79,2993,79,2993,79,3051,21,3072,97.43,97.43,97.43,99.32
5000C,3100,2,3100,2,3100,2,3102,0,3102,99.94,99.94,99.94,100.0
C457E,3043,22,3043,22,3043,22,3023,42,3065,99.28,99.28,99.28,98.63
1735X,2928,31,2926,33,2926,33,2906,53,2959,98.95,98.88,98.88,98.21
8500A,3101,1,3102,0,3101,1,3102,0,3102,99.97,100.0,99.97,100.0
1154H,3069,29,3069,29,3069,29,3002,96,3098,99.06,99.06,99.06,96.9
9990X,2717,134,2717,134,2717,134,2623,228,2851,95.3,95.3,95.3,92.0
1276F,3075,27,3075,27,3075,27,3078,24,3102,99.13,99.13,99.13,99.23
1010X,3089,13,3089,13,3089,13,3064,38,3102,99.58,99.58,99.58,98.77
9590D,1696,844,1696,844,1696,844,0,2540,2540,66.77,66.77,66.77,0.0
C129V,3082,20,3082,20,3082,20,3078,24,3102,99.36,99.36,99.36,99.23
6058I,2927,71,2927,71,2927,71,2871,127,2998,97.63,97.63,97.63,95.76
9434P,3092,5,3090,7,3090,7,3088,9,3097,99.84,99.77,99.77,99.71
1639X,3080,10,3080,10,3080,10,3069,21,3090,99.68,99.68,99.68,99.32
9718X,2939,41,2939,41,2939,41,2855,125,2980,98.62,98.62,98.62,95.81
1442U,3064,24,3065,23,3064,24,3063,25,3088,99.22,99.26,99.22,99.19
C430E,3102,0,3102,0,3102,0,3102,0,3102,100.0,100.0,100.0,100.0
C422A,3069,12,3069,12,3069,12,3065,16,3081,99.61,99.61,99.61,99.48
B398A,1315,3,1314,4,1314,4,1216,102,1318,99.77,99.7,99.7,92.26
8520X,2738,290,2738,290,2738,290,2973,55,3028,90.42,90.42,90.42,98.18
1111,2691,0,2691,0,2691,0,2690,1,2691,100.0,100.0,100.0,99.96
1390X,3048,10,3048,10,3048,10,3014,44,3058,99.67,99.67,99.67,98.56
2945A,3030,1,3029,2,3029,2,3019,12,3031,99.97,99.93,99.93,99.6
5995B,3058,43,3057,44,3057,44,3075,26,3101,98.61,98.58,98.58,99.16
5346X,3066,5,3066,5,3066,5,3057,14,3071,99.84,99.84,99.84,99.54
9451F,2025,5,2026,4,2025,5,1999,31,2030,99.75,99.8,99.75,98.47
3330Y,2997,42,2997,42,2997,42,2987,52,3039,98.62,98.62,98.62,98.29
9812M,870,1,870,1,870,1,0,871,871,99.89,99.89,99.89,0.0
C117A,3097,4,3097,4,3097,4,3100,1,3101,99.87,99.87,99.87,99.97
5625X,3060,26,3060,26,3060,26,3064,22,3086,99.16,99.16,99.16,99.29
3434X,3086,16,3086,16,3086,16,3102,0,3102,99.48,99.48,99.48,100.0
3423I,3093,9,3093,9,3093,9,3085,17,3102,99.71,99.71,99.71,99.45
5624X,3097,2,3097,2,3097,2,3014,85,3099,99.94,99.94,99.94,97.26
1541B,2968,8,2966,10,2965,11,2914,62,2976,99.73,99.66,99.63,97.92
C029O,3088,14,3088,14,3088,14,3102,0,3102,99.55,99.55,99.55,100.0
4520X,3094,8,3094,8,3094,8,3083,19,3102,99.74,99.74,99.74,99.39
1064L,3074,23,3074,23,3074,23,3094,3,3097,99.26,99.26,99.26,99.9
4325Y,1618,4,1618,4,1618,4,1622,0,1622,99.75,99.75,99.75,100.0
1056K,3096,3,3096,3,3096,3,3096,3,3099,99.9,99.9,99.9,99.9
0349,2556,86,2556,86,2556,86,2415,227,2642,96.74,96.74,96.74,91.41
7158X,3090,12,3090,12,3087,15,2948,154,3102,99.61,99.61,99.52,95.04
C419X,3095,6,3094,7,3094,7,3100,1,3101,99.81,99.77,99.77,99.97
5530E,3100,2,3100,2,3100,2,3102,0,3102,99.94,99.94,99.94,100.0
1174I,3086,14,3086,14,3086,14,3092,8,3100,99.55,99.55,99.55,99.74
2891A,3087,3,3086,4,3086,4,2881,209,3090,99.9,99.87,99.87,93.24
5860E,2999,21,2999,21,2999,21,2955,65,3020,99.3,99.3,99.3,97.85
2536D,3088,3,3087,4,3087,4,3086,5,3091,99.9,99.87,99.87,99.84
B800X,2811,137,2810,138,2810,138,2821,127,2948,95.35,95.32,95.32,95.69
C928I,1836,1,1836,1,1836,1,1778,59,1837,99.95,99.95,99.95,96.79
6299I,379,6,379,6,379,6,0,385,385,98.44,98.44,98.44,0.0
4061X,1879,1126,1879,1126,1879,1126,2980,25,3005,62.53,62.53,62.53,99.17
2135A,2966,14,2968,12,2963,17,2950,30,2980,99.53,99.6,99.43,98.99
6258X,3062,39,3062,39,3062,39,3100,1,3101,98.74,98.74,98.74,99.97
1186P,3077,13,3077,13,3077,13,3048,42,3090,99.58,99.58,99.58,98.64
8155Y,2941,23,2941,23,2941,23,2934,30,2964,99.22,99.22,99.22,98.99
2362C,3102,0,3102,0,3102,0,2855,247,3102,100.0,100.0,100.0,92.04
4358X,3068,23,3068,23,3068,23,3086,5,3091,99.26,99.26,99.26,99.84
2471Y,3055,2,3055,2,3055,2,3024,33,3057,99.93,99.93,99.93,98.92
9198X,3095,4,3095,4,3095,4,3071,28,3099,99.87,99.87,99.87,99.1
8523X,1364,13,1363,14,1363,14,1273,104,1377,99.06,98.98,98.98,92.45
B103B,2535,30,2537,28,2535,30,2554,11,2565,98.83,98.91,98.83,99.57
2966D,3094,0,3093,1,3093,1,3051,43,3094,100.0,99.97,99.97,98.61
C117Z,3037,8,3003,42,3003,42,3043,2,3045,99.74,98.62,98.62,99.93
6205X,1893,656,1893,656,1893,656,2127,422,2549,74.26,74.26,74.26,83.44
3526X,3062,28,3062,28,3062,28,3076,14,3090,99.09,99.09,99.09,99.55
4527X,3080,8,3080,8,3080,8,3077,11,3088,99.74,99.74,99.74,99.64
8178D,3102,0,3102,0,3102,0,3102,0,3102,100.0,100.0,100.0,100.0
1083B,3100,2,3100,2,3100,2,3077,25,3102,99.94,99.94,99.94,99.19
4096Y,2924,61,2924,61,2924,61,2726,259,2985,97.96,97.96,97.96,91.32
2882D,2947,102,2944,105,2944,105,2959,90,3049,96.65,96.56,96.56,97.05
8414A,3102,0,3102,0,3102,0,3102,0,3102,100.0,100.0,100.0,100.0
2285B,2488,6,2487,7,2487,7,2485,9,2494,99.76,99.72,99.72,99.64
9998X,3021,23,3013,31,3013,31,3021,23,3044,99.24,98.98,98.98,99.24
2276B,3053,2,3044,11,3043,12,3030,25,3055,99.93,99.64,99.61,99.18
1700X,3039,45,3039,45,3039,45,3070,14,3084,98.54,98.54,98.54,99.55
1109,2651,451,2651,451,2651,451,3101,1,3102,85.46,85.46,85.46,99.97
9001S,2920,76,2920,76,2920,76,2757,239,2996,97.46,97.46,97.46,92.02
8354X,3071,5,3072,4,3071,5,3068,8,3076,99.84,99.87,99.84,99.74
1074C,3092,0,3092,0,3092,0,3092,0,3092,100.0,100.0,100.0,100.0
6000A,3091,11,3091,11,3091,11,3102,0,3102,99.65,99.65,99.65,100.0
7203A,3067,20,3055,32,3053,34,3067,20,3087,99.35,98.96,98.9,99.35
3391,2300,41,2283,58,2276,65,2076,265,2341,98.25,97.52,97.22,88.68
9445L,1460,24,1458,26,1457,27,1455,29,1484,98.38,98.25,98.18,98.05
7007Y,2782,9,2779,12,2779,12,2791,0,2791,99.68,99.57,99.57,100.0
9814X,3052,41,3052,41,3052,41,3061,32,3093,98.67,98.67,98.67,98.97
6267X,2850,242,2850,242,2850,242,3088,4,3092,92.17,92.17,92.17,99.87
C467I,2953,34,2953,34,2953,34,2915,72,2987,98.86,98.86,98.86,97.59
5459X,2935,101,2935,101,2935,101,2973,63,3036,96.67,96.67,96.67,97.92
1406X,3088,7,3089,6,3088,7,2976,119,3095,99.77,99.81,99.77,96.16
4116I,3099,3,3098,4,3098,4,3102,0,3102,99.9,99.87,99.87,100.0
1057B,2679,305,2679,305,2679,305,2969,15,2984,89.78,89.78,89.78,99.5
C468O,3061,24,3063,22,3061,24,3037,48,3085,99.22,99.29,99.22,98.44
8325X,2917,158,2917,158,2917,158,2932,143,3075,94.86,94.86,94.86,95.35
5598X,3073,8,3074,7,3073,8,3069,12,3081,99.74,99.77,99.74,99.61
5390Y,3015,2,3015,2,3015,2,2982,35,3017,99.93,99.93,99.93,98.84
B603X,3002,62,3001,63,3001,63,2999,65,3064,97.98,97.94,97.94,97.88
4436Y,3087,0,3087,0,3087,0,3087,0,3087,100.0,100.0,100.0,100.0
C415A,3074,12,3074,12,3074,12,3068,18,3086,99.61,99.61,99.61,99.42
9302Y,3078,7,3070,15,3070,15,3077,8,3085,99.77,99.51,99.51,99.74
7121A,3096,0,3093,3,3093,3,3091,5,3096,100.0,99.9,99.9,99.84
1302F,3031,13,3031,13,3031,13,2774,270,3044,99.57,99.57,99.57,91.13
9744B,3055,9,3054,10,3054,10,2945,119,3064,99.71,99.67,99.67,96.12
C126A,3079,2,3079,2,3079,2,3079,2,3081,99.94,99.94,99.94,99.94
C839X,2946,56,2946,56,2946,56,2962,40,3002,98.13,98.13,98.13,98.67
4410X,3048,53,3048,53,3048,53,3094,7,3101,98.29,98.29,98.29,99.77
4210Y,2977,44,2977,44,2977,44,2647,374,3021,98.54,98.54,98.54,87.62
2777K,3075,5,3066,14,3065,15,3053,27,3080,99.84,99.55,99.51,99.12
9585,3048,23,3048,23,3048,23,3025,46,3071,99.25,99.25,99.25,98.5
6076X,2997,91,2997,91,2997,91,2687,401,3088,97.05,97.05,97.05,87.01
4560Y,3087,5,3087,5,3087,5,3054,38,3092,99.84,99.84,99.84,98.77
9257X,3081,17,3081,17,3081,17,3092,6,3098,99.45,99.45,99.45,99.81
9436X,3095,2,3092,5,3091,6,3095,2,3097,99.94,99.84,99.81,99.94
9211F,3092,4,3090,6,3090,6,3093,3,3096,99.87,99.81,99.81,99.9
0421E,2674,362,2674,362,2674,362,3005,31,3036,88.08,88.08,88.08,98.98
1014A,3097,5,3097,5,3097,5,3102,0,3102,99.84,99.84,99.84,100.0
9776D,2716,78,2716,78,2716,78,2735,59,2794,97.21,97.21,97.21,97.89
0149D,2947,1,2948,0,2947,1,2946,2,2948,99.97,100.0,99.97,99.93
5181D,2786,96,2786,96,2786,96,2850,32,2882,96.67,96.67,96.67,98.89
7227X,3088,14,3085,17,3085,17,3102,0,3102,99.55,99.45,99.45,100.0
1631E,3072,1,3072,1,3072,1,3002,71,3073,99.97,99.97,99.97,97.69
3111D,2502,268,2502,268,2502,268,2637,133,2770,90.32,90.32,90.32,95.2
9855E,3093,8,3092,9,3092,9,3094,7,3101,99.74,99.71,99.71,99.77
1428,3099,3,3097,5,3097,5,3102,0,3102,99.9,99.84,99.84,100.0
C438N,3093,9,3094,8,3093,9,3093,9,3102,99.71,99.74,99.71,99.71
5192,1791,24,1791,24,1791,24,1346,469,1815,98.68,98.68,98.68,74.16
6042I,3081,21,3081,21,3081,21,3059,43,3102,99.32,99.32,99.32,98.61
5906X,3086,10,3086,10,3086,10,3087,9,3096,99.68,99.68,99.68,99.71
5103E,621,2,621,2,621,2,0,623,623,99.68,99.68,99.68,0.0
3194U,1436,1087,1436,1087,1436,1087,2509,14,2523,56.92,56.92,56.92,99.45
7145D,3066,23,3049,40,3046,43,3049,40,3089,99.26,98.71,98.61,98.71
5960,3086,16,3084,18,3084,18,3102,0,3102,99.48,99.42,99.42,100.0
C625O,3085,11,3085,11,3085,11,3084,12,3096,99.64,99.64,99.64,99.61
0413A,3062,15,3062,15,3062,15,2789,288,3077,99.51,99.51,99.51,90.64
0385X,3019,13,3019,13,3019,13,3008,24,3032,99.57,99.57,99.57,99.21
9145X,3100,2,3100,2,3100,2,3102,0,3102,99.94,99.94,99.94,100.0
8019,3088,14,3088,14,3088,14,3102,0,3102,99.55,99.55,99.55,100.0
5427X,2933,106,2934,105,2933,106,2998,41,3039,96.51,96.54,96.51,98.65
7066Y,3007,72,3007,72,3007,72,3018,61,3079,97.66,97.66,97.66,98.02
1549,3102,0,3102,0,3102,0,3102,0,3102,100.0,100.0,100.0,100.0
3130C,2900,48,2900,48,2900,48,2796,152,2948,98.37,98.37,98.37,94.84
7195X,3098,1,3099,0,3098,1,3008,91,3099,99.97,100.0,99.97,97.06
9961X,3093,4,3093,4,3093,4,3082,15,3097,99.87,99.87,99.87,99.52
9091R,3097,5,3097,5,3096,6,3102,0,3102,99.84,99.84,99.81,100.0
9354X,3096,5,3095,6,3095,6,3095,6,3101,99.84,99.81,99.81,99.81
2150H,2783,12,2780,15,2779,16,2426,369,2795,99.57,99.46,99.43,86.8
1435C,3037,40,3036,41,3036,41,2824,253,3077,98.7,98.67,98.67,91.78
0009X,2979,67,2979,67,2979,67,2982,64,3046,97.8,97.8,97.8,97.9
3266A,2950,121,2950,121,2950,121,2977,94,3071,96.06,96.06,96.06,96.94
3540X,3102,0,3102,0,3102,0,3102,0,3102,100.0,100.0,100.0,100.0
C448C,2967,23,2967,23,2967,23,2935,55,2990,99.23,99.23,99.23,98.16
5891X,3077,21,3077,21,3077,21,3072,26,3098,99.32,99.32,99.32,99.16
3531X,3046,11,3046,11,3046,11,3034,23,3057,99.64,99.64,99.64,99.25
C101A,2048,9,2048,9,2048,9,2055,2,2057,99.56,99.56,99.56,99.9
8300X,3093,5,3093,5,3093,5,3097,1,3098,99.84,99.84,99.84,99.97
7172X,3102,0,3101,1,3101,1,2934,168,3102,100.0,99.97,99.97,94.58
1069Y,3082,17,3082,17,3082,17,3064,35,3099,99.45,99.45,99.45,98.87
8175,3102,0,3102,0,3102,0,3102,0,3102,100.0,100.0,100.0,100.0
6302A,2924,109,2924,109,2924,109,2774,259,3033,96.41,96.41,96.41,91.46
C048W,3074,13,3074,13,3074,13,3068,19,3087,99.58,99.58,99.58,99.38
1297E,3075,22,3076,21,3075,22,3000,97,3097,99.29,99.32,99.29,96.87
C917E,2944,29,2940,33,2939,34,2798,175,2973,99.02,98.89,98.86,94.11
C449C,3099,3,3098,4,3098,4,3098,4,3102,99.9,99.87,99.87,99.87
8446Y,3091,10,3091,10,3091,10,3000,101,3101,99.68,99.68,99.68,96.74
1387,3102,0,3102,0,3102,0,3102,0,3102,100.0,100.0,100.0,100.0
9995Y,3076,7,3076,7,3076,7,3060,23,3083,99.77,99.77,99.77,99.25
3365A,2824,71,2824,71,2824,71,2520,375,2895,97.55,97.55,97.55,87.05
1021X,3087,2,3087,2,3087,2,2933,156,3089,99.94,99.94,99.94,94.95
3576X,3076,20,3076,20,3076,20,3056,40,3096,99.35,99.35,99.35,98.71
9178X,3070,13,3070,13,3070,13,3062,21,3083,99.58,99.58,99.58,99.32
C426I,3080,9,3080,9,3080,9,3076,13,3089,99.71,99.71,99.71,99.58
2503B,3038,9,3035,12,3031,16,3005,42,3047,99.7,99.61,99.47,98.62
3195,3080,21,3080,21,3080,21,3011,90,3101,99.32,99.32,99.32,97.1
9460X,3096,6,3097,5,3096,6,3090,12,3102,99.81,99.84,99.81,99.61
1167B,3041,54,3041,54,3041,54,3016,79,3095,98.26,98.26,98.26,97.45
B341X,1068,2,1068,2,1068,2,1066,4,1070,99.81,99.81,99.81,99.63
9283X,36,7,36,7,36,7,26,17,43,83.72,83.72,83.72,60.47
4468X,3092,8,3092,8,3092,8,3100,0,3100,99.74,99.74,99.74,100.0
1477U,2464,0,2464,0,2464,0,2438,26,2464,100.0,100.0,100.0,98.94
6143X,3067,35,3067,35,3067,35,2888,214,3102,98.87,98.87,98.87,93.1
7178I,3102,0,3102,0,3102,0,3102,0,3102,100.0,100.0,100.0,100.0
8337X,3030,68,3030,68,3030,68,2907,191,3098,97.81,97.81,97.81,93.83
B614E,3078,23,3078,23,3078,23,3083,18,3101,99.26,99.26,99.26,99.42
C619Y,3077,9,3077,9,3077,9,3016,70,3086,99.71,99.71,99.71,97.73
B275E,1437,12,1438,11,1437,12,1443,6,1449,99.17,99.24,99.17,99.59
5582A,2370,434,2370,434,2370,434,2682,122,2804,84.52,84.52,84.52,95.65
9238X,3095,6,3093,8,3093,8,3054,47,3101,99.81,99.74,99.74,98.48
9294E,3072,12,3072,12,3071,13,3075,9,3084,99.61,99.61,99.58,99.71
0244X,2941,95,2941,95,2941,95,2930,106,3036,96.87,96.87,96.87,96.51
4148,2865,167,2865,167,2865,167,3026,6,3032,94.49,94.49,94.49,99.8
3547X,3089,7,3088,8,3088,8,3092,4,3096,99.77,99.74,99.74,99.87
3196,3100,2,3100,2,3100,2,3102,0,3102,99.94,99.94,99.94,100.0
1505,3098,4,3098,4,3098,4,3070,32,3102,99.87,99.87,99.87,98.97
1082,3102,0,3102,0,3102,0,3102,0,3102,100.0,100.0,100.0,100.0
9381I,3102,0,3102,0,3102,0,3102,0,3102,100.0,100.0,100.0,100.0
2491C,2585,101,2585,101,2584,102,2676,10,2686,96.24,96.24,96.2,99.63
9562X,3059,9,3059,9,3059,9,3057,11,3068,99.71,99.71,99.71,99.64
2568D,3092,0,3092,0,3092,0,3045,47,3092,100.0,100.0,100.0,98.48
4427X,3091,8,3091,8,3091,8,3093,6,3099,99.74,99.74,99.74,99.81
0061X,3000,8,3000,8,3000,8,2994,14,3008,99.73,99.73,99.73,99.53
1025X,3082,17,3082,17,3082,17,3097,2,3099,99.45,99.45,99.45,99.94
0341X,2853,21,2853,21,2853,21,2429,445,2874,99.27,99.27,99.27,84.52
C656V,3084,10,3084,10,3084,10,3076,18,3094,99.68,99.68,99.68,99.42
1341B,3058,4,3058,4,3058,4,3021,41,3062,99.87,99.87,99.87,98.66
1489A,3093,8,3093,8,3093,8,2960,141,3101,99.74,99.74,99.74,95.45
1060X,3102,0,3102,0,3102,0,3102,0,3102,100.0,100.0,100.0,100.0
B893,3098,4,3099,3,3098,4,3102,0,3102,99.87,99.9,99.87,100.0
3338,2429,452,2429,452,2429,452,2476,405,2881,84.31,84.31,84.31,85.94
B662X,3050,33,3049,34,3049,34,3031,52,3083,98.93,98.9,98.9,98.31
2400E,3075,5,3076,4,3075,5,2796,284,3080,99.84,99.87,99.84,90.78
C249I,3075,27,3075,27,3074,28,3102,0,3102,99.13,99.13,99.1,100.0
7012D,3078,21,3073,26,3068,31,3090,9,3099,99.32,99.16,99.0,99.71
1234P,3092,6,3092,6,3092,6,3048,50,3098,99.81,99.81,99.81,98.39
C314Z,2997,48,2995,50,2995,50,3010,35,3045,98.42,98.36,98.36,98.85
0201X,2607,296,2558,345,2558,345,2855,48,2903,89.8,88.12,88.12,98.35
2444,3101,0,3101,0,3101,0,3101,0,3101,100.0,100.0,100.0,100.0
9394X,3083,13,3084,12,3083,13,3076,20,3096,99.58,99.61,99.58,99.35
4267X,3028,42,3028,42,3028,42,3031,39,3070,98.63,98.63,98.63,98.73
0076,3072,30,3073,29,3072,30,3096,6,3102,99.03,99.07,99.03,99.81
C649I,3006,96,3006,96,3006,96,3102,0,3102,96.91,96.91,96.91,100.0
B569X,2865,116,2864,117,2864,117,2928,53,2981,96.11,96.08,96.08,98.22
C456E,3052,25,3052,25,3052,25,3054,23,3077,99.19,99.19,99.19,99.25
C456P,3075,9,3075,9,3075,9,3055,29,3084,99.71,99.71,99.71,99.06
9911X,3076,7,3074,9,3073,10,3076,7,3083,99.77,99.71,99.68,99.77
6281X,3026,76,3026,76,3026,76,2929,173,3102,97.55,97.55,97.55,94.42
B957,3072,21,3073,20,3072,21,2929,164,3093,99.32,99.35,99.32,94.7
9550C,3064,12,3056,20,3056,20,3055,21,3076,99.61,99.35,99.35,99.32
6213X,3087,15,3087,15,3087,15,3102,0,3102,99.52,99.52,99.52,100.0
9188,3040,31,3034,37,3026,45,3045,26,3071,98.99,98.8,98.53,99.15
5835X,3090,9,3090,9,3090,9,3089,10,3099,99.71,99.71,99.71,99.68
B236C,3046,56,3046,56,3046,56,3099,3,3102,98.19,98.19,98.19,99.9
4541X,3041,47,3041,47,3041,47,3034,54,3088,98.48,98.48,98.48,98.25
6335O,725,0,725,0,725,0,723,2,725,100.0,100.0,100.0,99.72
5038X,0,326,0,326,0,326,0,326,326,0.0,0.0,0.0,0.0
C629Q,3091,10,3091,10,3091,10,3093,8,3101,99.68,99.68,99.68,99.74
5304Y,3033,27,3033,27,3033,27,3043,17,3060,99.12,99.12,99.12,99.44
7275C,3085,13,3077,21,3077,21,3095,3,3098,99.58,99.32,99.32,99.9
1210X,2237,704,2237,704,2237,704,2730,211,2941,76.06,76.06,76.06,92.83
1203D,3098,4,3098,4,3098,4,3039,63,3102,99.87,99.87,99.87,97.97
1344X,3023,6,3024,5,3023,6,3020,9,3029,99.8,99.83,99.8,99.7
C468I,3087,5,3087,5,3087,5,3069,23,3092,99.84,99.84,99.84,99.26
9280B,3012,24,3011,25,3007,29,3001,35,3036,99.21,99.18,99.04,98.85
2017Y,3075,8,3065,18,3062,21,3037,46,3083,99.74,99.42,99.32,98.51
6199X,1048,36,1048,36,1048,36,1083,1,1084,96.68,96.68,96.68,99.91
C449Q,3068,17,3068,17,3068,17,3036,49,3085,99.45,99.45,99.45,98.41
9775X,3091,4,3091,4,3091,4,3082,13,3095,99.87,99.87,99.87,99.58
3245Y,3055,22,3055,22,3055,22,2876,201,3077,99.29,99.29,99.29,93.47
4395X,3096,6,3096,6,3096,6,3093,9,3102,99.81,99.81,99.81,99.71
B640X,1560,7,1560,7,1560,7,1565,2,1567,99.55,99.55,99.55,99.87
C456R,3064,16,3064,16,3064,16,3043,37,3080,99.48,99.48,99.48,98.8
9981A,3102,0,3102,0,3102,0,3102,0,3102,100.0,100.0,100.0,100.0
2192C,3092,3,3090,5,3090,5,3085,10,3095,99.9,99.84,99.84,99.68
9390,3102,0,3102,0,3102,0,3102,0,3102,100.0,100.0,100.0,100.0
5361X,3048,12,3048,12,3048,12,3031,29,3060,99.61,99.61,99.61,99.05
B780X,3017,75,3017,75,3017,75,3083,9,3092,97.57,97.57,97.57,99.71
2555B,3075,6,3071,10,3071,10,2852,229,3081,99.81,99.68,99.68,92.57
1026X,3093,2,3093,2,3093,2,3073,22,3095,99.94,99.94,99.94,99.29
3436D,3100,1,3100,1,3100,1,3094,7,3101,99.97,99.97,99.97,99.77
1041A,2921,181,2921,181,2921,181,3101,1,3102,94.17,94.17,94.17,99.97
C406G,3002,37,3002,37,3002,37,3035,4,3039,98.78,98.78,98.78,99.87
C447A,3096,6,3092,10,3092,10,3102,0,3102,99.81,99.68,99.68,100.0
B496X,3075,19,3075,19,3075,19,3051,43,3094,99.39,99.39,99.39,98.61
0171X,2906,190,2906,190,2906,190,3054,42,3096,93.86,93.86,93.86,98.64
9344C,2988,20,2970,38,2969,39,2816,192,3008,99.34,98.74,98.7,93.62
9145Y,3088,10,3084,14,3084,14,3091,7,3098,99.68,99.55,99.55,99.77
C629X,3048,44,3048,44,3048,44,2985,107,3092,98.58,98.58,98.58,96.54
C258K,3092,8,3092,8,3092,8,3095,5,3100,99.74,99.74,99.74,99.84
1701X,3077,12,3076,13,3076,13,3055,34,3089,99.61,99.58,99.58,98.9
5473X,3093,7,3093,7,3093,7,3096,4,3100,99.77,99.77,99.77,99.87
7218Y,2246,9,2247,8,2244,11,2116,139,2255,99.6,99.65,99.51,93.84
8501,0,1532,0,1532,0,1532,1532,0,1532,0.0,0.0,0.0,100.0
9027X,2156,159,2147,168,2147,168,2313,2,2315,93.13,92.74,92.74,99.91
4489X,3095,7,3095,7,3095,7,3102,0,3102,99.77,99.77,99.77,100.0
4486X,3090,8,3090,8,3090,8,3096,2,3098,99.74,99.74,99.74,99.94
2092,3074,19,3081,12,3074,19,3070,23,3093,99.39,99.61,99.39,99.26
4501X,3087,15,3087,15,3087,15,3099,3,3102,99.52,99.52,99.52,99.9
C426E,3060,13,3060,13,3060,13,3038,35,3073,99.58,99.58,99.58,98.86
2106B,3092,3,3091,4,3091,4,3067,28,3095,99.9,99.87,99.87,99.1
7031,3102,0,3102,0,3102,0,3102,0,3102,100.0,100.0,100.0,100.0
B908X,2985,10,2985,10,2985,10,2985,10,2995,99.67,99.67,99.67,99.67
B925,2502,26,2494,34,2493,35,2503,25,2528,98.97,98.66,98.62,99.01
4147X,3085,10,3084,11,3084,11,3064,31,3095,99.68,99.64,99.64,99.0
C418L,3079,7,3079,7,3079,7,3071,15,3086,99.77,99.77,99.77,99.51
1477V,3084,4,3084,4,3084,4,3082,6,3088,99.87,99.87,99.87,99.81
2235U,3014,53,3010,57,3009,58,2850,217,3067,98.27,98.14,98.11,92.92
0252D,2840,81,2840,81,2840,81,2250,671,2921,97.23,97.23,97.23,77.03
5107D,2981,33,2981,33,2981,33,3014,0,3014,98.91,98.91,98.91,100.0
9252X,3089,13,3090,12,3089,13,3092,10,3102,99.58,99.61,99.58,99.68
4584X,3096,6,3096,6,3096,6,3088,14,3102,99.81,99.81,99.81,99.55
1465U,3028,56,3027,57,3026,58,2708,376,3084,98.18,98.15,98.12,87.81
4220X,2696,218,2696,218,2696,218,2541,373,2914,92.52,92.52,92.52,87.2
1048X,3101,1,3101,1,3101,1,3097,5,3102,99.97,99.97,99.97,99.84
0222X,3075,27,3075,27,3075,27,3065,37,3102,99.13,99.13,99.13,98.81
2766E,3088,6,3087,7,3087,7,3035,59,3094,99.81,99.77,99.77,98.09
0200E,3102,0,3102,0,3102,0,3102,0,3102,100.0,100.0,100.0,100.0
3260B,3082,18,3082,18,3082,18,3080,20,3100,99.42,99.42,99.42,99.35
4478X,3088,14,3088,14,3088,14,3102,0,3102,99.55,99.55,99.55,100.0
6175X,2950,125,2950,125,2950,125,3067,8,3075,95.93,95.93,95.93,99.74
1583X,3008,36,3007,37,3007,37,2963,81,3044,98.82,98.78,98.78,97.34
4067,2978,38,2978,38,2978,38,2426,590,3016,98.74,98.74,98.74,80.44
5910,3102,0,3102,0,3102,0,3102,0,3102,100.0,100.0,100.0,100.0
1706A,3045,12,3045,12,3045,12,3039,18,3057,99.61,99.61,99.61,99.41
1476R,3009,77,3010,76,3009,77,3018,68,3086,97.5,97.54,97.5,97.8
9574B,2563,5,2563,5,2563,5,2553,15,2568,99.81,99.81,99.81,99.42
5246,2499,86,2499,86,2499,86,2151,434,2585,96.67,96.67,96.67,83.21
B691Y,3036,35,3034,37,3034,37,3038,33,3071,98.86,98.8,98.8,98.93
C423R,3087,4,3087,4,3087,4,3084,7,3091,99.87,99.87,99.87,99.77
8203O,2779,118,2779,118,2779,118,2813,84,2897,95.93,95.93,95.93,97.1
9677,1653,412,1653,412,1653,412,0,2065,2065,80.05,80.05,80.05,0.0
6001,3033,34,3033,34,3033,34,3048,19,3067,98.89,98.89,98.89,99.38
6325O,3100,2,3100,2,3100,2,3102,0,3102,99.94,99.94,99.94,100.0
8416X,2880,150,2880,150,2880,150,2844,186,3030,95.05,95.05,95.05,93.86
3503,3081,9,3081,9,3081,9,3089,1,3090,99.71,99.71,99.71,99.97
1167G,1193,32,1193,32,1193,32,449,776,1225,97.39,97.39,97.39,36.65
B656A,3021,68,3020,69,3020,69,3083,6,3089,97.8,97.77,97.77,99.81
1561I,2957,6,2955,8,2954,9,2901,62,2963,99.8,99.73,99.7,97.91
1109X,3101,1,3100,2,3100,2,3102,0,3102,99.97,99.94,99.94,100.0
5406X,3051,49,3051,49,3051,49,3100,0,3100,98.42,98.42,98.42,100.0
2296A,3064,13,3064,13,3064,13,3071,6,3077,99.58,99.58,99.58,99.81
6127X,2811,38,2811,38,2811,38,2845,4,2849,98.67,98.67,98.67,99.86
9838B,3097,1,3097,1,3097,1,3091,7,3098,99.97,99.97,99.97,99.77
2243A,3094,3,3096,1,3093,4,3038,59,3097,99.9,99.97,99.87,98.09
3085Y,2305,663,2305,663,2305,663,2933,35,2968,77.66,77.66,77.66,98.82
8193E,3070,8,3070,8,3070,8,3065,13,3078,99.74,99.74,99.74,99.58
6332Y,1338,71,1338,71,1338,71,1400,9,1409,94.96,94.96,94.96,99.36
1044X,3102,0,3102,0,3102,0,3071,31,3102,100.0,100.0,100.0,99.0
2789H,2668,381,2662,387,2662,387,3040,9,3049,87.5,87.31,87.31,99.7
1037X,3075,6,3075,6,3075,6,3078,3,3081,99.81,99.81,99.81,99.9
6032X,2935,158,2935,158,2935,158,3090,3,3093,94.89,94.89,94.89,99.9
1351,3055,41,3055,41,3055,41,2959,137,3096,98.68,98.68,98.68,95.57
2604B,3084,1,3082,3,3082,3,2968,117,3085,99.97,99.9,99.9,96.21
4195E,708,5,708,5,708,5,635,78,713,99.3,99.3,99.3,89.06
C649R,3069,21,3069,21,3069,21,3068,22,3090,99.32,99.32,99.32,99.29
2978X,3071,9,3073,7,3070,10,2996,84,3080,99.71,99.77,99.68,97.27
3126Y,3054,25,3054,25,3054,25,2982,97,3079,99.19,99.19,99.19,96.85
4103X,2993,11,2993,11,2993,11,2957,47,3004,99.63,99.63,99.63,98.44
9244X,3019,56,3019,56,3019,56,3072,3,3075,98.18,98.18,98.18,99.9
2430Y,2997,50,2992,55,2992,55,3035,12,3047,98.36,98.19,98.19,99.61
2048A,3093,3,3092,4,3092,4,3094,2,3096,99.9,99.87,99.87,99.94
6248D,616,7,616,7,616,7,0,623,623,98.88,98.88,98.88,0.0
C648C,3074,14,3074,14,3074,14,3066,22,3088,99.55,99.55,99.55,99.29
4300Y,3093,8,3093,8,3093,8,3049,52,3101,99.74,99.74,99.74,98.32
8458X,3094,5,3095,4,3094,5,3093,6,3099,99.84,99.87,99.84,99.81
5790Y,3091,7,3091,7,3091,7,3075,23,3098,99.77,99.77,99.77,99.26
9262P,3062,10,3061,11,3060,12,3048,24,3072,99.67,99.64,99.61,99.22
C623I,3083,13,3083,13,3083,13,3082,14,3096,99.58,99.58,99.58,99.55
C665T,3070,20,3070,20,3070,20,3065,25,3090,99.35,99.35,99.35,99.19
B228,3101,1,3098,4,3098,4,3102,0,3102,99.97,99.87,99.87,100.0
0411X,2923,24,2923,24,2923,24,2916,31,2947,99.19,99.19,99.19,98.95
5038Y,3079,23,3079,23,3079,23,3102,0,3102,99.26,99.26,99.26,100.0
9975X,2865,63,2865,63,2865,63,2900,28,2928,97.85,97.85,97.85,99.04
2302N,3060,32,3061,31,3060,32,2989,103,3092,98.97,99.0,98.97,96.67
7031X,3078,24,3063,39,3059,43,3101,1,3102,99.23,98.74,98.61,99.97
9434,3102,0,3102,0,3102,0,3102,0,3102,100.0,100.0,100.0,100.0
3565X,3094,8,3094,8,3094,8,3100,2,3102,99.74,99.74,99.74,99.94
5515X,3041,50,3041,50,3041,50,3043,48,3091,98.38,98.38,98.38,98.45
9293X,1582,1,1582,1,1582,1,1582,1,1583,99.94,99.94,99.94,99.94
3455X,3095,1,3095,1,3095,1,3090,6,3096,99.97,99.97,99.97,99.81
1199X,3069,22,3069,22,3069,22,3002,89,3091,99.29,99.29,99.29,97.12
2661,3098,4,3098,4,3098,4,3099,3,3102,99.87,99.87,99.87,99.9
5973,3099,3,3100,2,3099,3,3102,0,3102,99.9,99.94,99.9,100.0
6106X,2720,315,2720,315,2720,315,3032,3,3035,89.62,89.62,89.62,99.9
7080X,3101,1,3098,4,3098,4,3091,11,3102,99.97,99.87,99.87,99.65
2465,3102,0,3102,0,3102,0,3102,0,3102,100.0,100.0,100.0,100.0
8416,3102,0,3102,0,3102,0,3102,0,3102,100.0,100.0,100.0,100.0
9171K,3098,3,3098,3,3098,3,3076,25,3101,99.9,99.9,99.9,99.19
0312X,3070,30,3070,30,3070,30,2901,199,3100,99.03,99.03,99.03,93.58
4642E,3101,1,3101,1,3101,1,3102,0,3102,99.97,99.97,99.97,100.0
C619X,3048,53,3048,53,3048,53,3077,24,3101,98.29,98.29,98.29,99.23
2005Y,3054,37,3050,41,3049,42,3069,22,3091,98.8,98.67,98.64,99.29
2059B,3050,18,3046,22,3045,23,3046,22,3068,99.41,99.28,99.25,99.28
C468X,2054,5,2054,5,2053,6,2057,2,2059,99.76,99.76,99.71,99.9
4051Y,2996,49,2996,49,2996,49,2986,59,3045,98.39,98.39,98.39,98.06
1111X,3098,4,3098,4,3098,4,3102,0,3102,99.87,99.87,99.87,100.0
3229Y,3061,18,3061,18,3061,18,2975,104,3079,99.42,99.42,99.42,96.62
C689E,1105,1874,1103,1876,1103,1876,2923,56,2979,37.09,37.03,37.03,98.12
3319D,3076,26,3072,30,3072,30,3085,17,3102,99.16,99.03,99.03,99.45
5704B,3041,30,3041,30,3041,30,3028,43,3071,99.02,99.02,99.02,98.6
1723X,3082,6,3082,6,3082,6,3032,56,3088,99.81,99.81,99.81,98.19
9501X,3054,12,3054,12,3054,12,3051,15,3066,99.61,99.61,99.61,99.51
2503X,343,1,342,2,342,2,344,0,344,99.71,99.42,99.42,100.0
8376,3088,9,3088,9,3088,9,3082,15,3097,99.71,99.71,99.71,99.52
6040X,3035,26,3035,26,3035,26,3055,6,3061,99.15,99.15,99.15,99.8
9698U,2859,168,2859,168,2859,168,2981,46,3027,94.45,94.45,94.45,98.48
4549Y,2990,96,3002,84,2990,96,3061,25,3086,96.89,97.28,96.89,99.19
C628B,3070,22,3070,22,3070,22,3072,20,3092,99.29,99.29,99.29,99.35
2870,3097,1,3096,2,3096,2,2901,197,3098,99.97,99.94,99.94,93.64
1249X,3088,1,3088,1,3088,1,3082,7,3089,99.97,99.97,99.97,99.77
4121,3102,0,3101,1,3101,1,3102,0,3102,100.0,99.97,99.97,100.0
3254Y,2975,80,2975,80,2975,80,2926,129,3055,97.38,97.38,97.38,95.78
7019X,1216,6,1215,7,1215,7,1222,0,1222,99.51,99.43,99.43,100.0
2828Y,3098,3,3099,2,3098,3,2990,111,3101,99.9,99.94,99.9,96.42
9121X,3093,7,3093,7,3093,7,3097,3,3100,99.77,99.77,99.77,99.9
9352A,3093,3,3091,5,3090,6,3039,57,3096,99.9,99.84,99.81,98.16
1740,3063,29,3063,29,3063,29,3089,3,3092,99.06,99.06,99.06,99.9
6312E,715,2,715,2,715,2,715,2,717,99.72,99.72,99.72,99.72
4464X,3050,35,3050,35,3050,35,3070,15,3085,98.87,98.87,98.87,99.51
8198Y,3035,10,3035,10,3035,10,3029,16,3045,99.67,99.67,99.67,99.47
6307X,2890,103,2890,103,2890,103,2902,91,2993,96.56,96.56,96.56,96.96
C429I,3094,8,3092,10,3090,12,3102,0,3102,99.74,99.68,99.61,100.0
2916A,3078,15,3077,16,3077,16,2904,189,3093,99.52,99.48,99.48,93.89
5858X,3083,6,3083,6,3083,6,3068,21,3089,99.81,99.81,99.81,99.32
8005X,2946,3,2946,3,2946,3,2849,100,2949,99.9,99.9,99.9,96.61
0114X,3095,6,3095,6,3095,6,3048,53,3101,99.81,99.81,99.81,98.29
6291B,3054,48,3054,48,3054,48,3102,0,3102,98.45,98.45,98.45,100.0
2311Y,3047,11,3046,12,3046,12,3039,19,3058,99.64,99.61,99.61,99.38
3516X,3031,66,3031,66,3031,66,3089,8,3097,97.87,97.87,97.87,99.74
9988B,1977,308,1977,308,1977,308,0,2285,2285,86.52,86.52,86.52,0.0
1037Y,3010,41,3010,41,3010,41,2960,91,3051,98.66,98.66,98.66,97.02
8381X,3094,5,3094,5,3094,5,3098,1,3099,99.84,99.84,99.84,99.97
5641X,2971,104,2971,104,2971,104,3041,34,3075,96.62,96.62,96.62,98.89
C639U,3082,9,3082,9,3082,9,3077,14,3091,99.71,99.71,99.71,99.55
2926B,3029,8,3015,22,3015,22,2929,108,3037,99.74,99.28,99.28,96.44
3475X,3063,26,3063,26,3063,26,3085,4,3089,99.16,99.16,99.16,99.87
4622X,3071,14,3071,14,3071,14,3074,11,3085,99.55,99.55,99.55,99.64
0370E,3078,17,3078,17,3078,17,3078,17,3095,99.45,99.45,99.45,99.45
1078I,2416,216,2416,216,2416,216,2435,197,2632,91.79,91.79,91.79,92.52
9756X,3097,3,3097,3,3097,3,3085,15,3100,99.9,99.9,99.9,99.52
4362X,993,11,993,11,993,11,999,5,1004,98.9,98.9,98.9,99.5
2422,3102,0,3102,0,3102,0,3102,0,3102,100.0,100.0,100.0,100.0
3514B,3090,9,3090,9,3090,9,3083,16,3099,99.71,99.71,99.71,99.48
8293X,2995,94,2995,94,2995,94,2846,243,3089,96.96,96.96,96.96,92.13
8058Y,3095,6,3095,6,3095,6,2916,185,3101,99.81,99.81,99.81,94.03
1309C,3053,12,3053,12,3053,12,3034,31,3065,99.61,99.61,99.61,98.99
2701D,3044,51,3043,52,3043,52,3090,5,3095,98.35,98.32,98.32,99.84
9136X,3094,4,3095,3,3094,4,3097,1,3098,99.87,99.9,99.87,99.97
C916Q,3092,10,3092,10,3092,10,3101,1,3102,99.68,99.68,99.68,99.97
1327A,3053,23,3053,23,3053,23,3025,51,3076,99.25,99.25,99.25,98.34
1178R,1162,22,1162,22,1162,22,1109,75,1184,98.14,98.14,98.14,93.67
1279X,3037,26,3037,26,3037,26,3048,15,3063,99.15,99.15,99.15,99.51
2453E,3082,5,3085,2,3082,5,2644,443,3087,99.84,99.94,99.84,85.65
5702X,3022,52,3022,52,3022,52,3034,40,3074,98.31,98.31,98.31,98.7
0106X,3058,12,3058,12,3058,12,3061,9,3070,99.61,99.61,99.61,99.71
2290Y,3101,1,3101,1,3101,1,2990,112,3102,99.97,99.97,99.97,96.39
4554X,3067,12,3067,12,3067,12,3051,28,3079,99.61,99.61,99.61,99.09
9843A,3091,10,3092,9,3091,10,3074,27,3101,99.68,99.71,99.68,99.13
2456B,3045,2,3047,0,3045,2,3038,9,3047,99.93,100.0,99.93,99.7
9561X,3095,2,3095,2,3095,2,3095,2,3097,99.94,99.94,99.94,99.94
8486X,3087,12,3088,11,3087,12,3082,17,3099,99.61,99.65,99.61,99.45
9510X,3086,7,3085,8,3085,8,3061,32,3093,99.77,99.74,99.74,98.97
9115X,3086,11,3086,11,3086,11,3034,63,3097,99.64,99.64,99.64,97.97
8245Y,2855,32,2855,32,2855,32,2876,11,2887,98.89,98.89,98.89,99.62
C458A,3076,6,3076,6,3076,6,3039,43,3082,99.81,99.81,99.81,98.6
9638D,3034,58,3034,58,3034,58,3038,54,3092,98.12,98.12,98.12,98.25
5941X,3073,17,3073,17,3073,17,3047,43,3090,99.45,99.45,99.45,98.61
2918Y,3064,8,3060,12,3059,13,2951,121,3072,99.74,99.61,99.58,96.06
0066X,3090,8,3090,8,3090,8,3003,95,3098,99.74,99.74,99.74,96.93
8472A,3079,22,3079,22,3079,22,3058,43,3101,99.29,99.29,99.29,98.61
2728B,3028,7,3024,11,3022,13,2950,85,3035,99.77,99.64,99.57,97.2
3422D,3077,3,3077,3,3076,4,3047,33,3080,99.9,99.9,99.87,98.93
4339X,3102,0,3102,0,3102,0,3090,12,3102,100.0,100.0,100.0,99.61
6056X,3081,13,3081,13,3081,13,3046,48,3094,99.58,99.58,99.58,98.45
3110C,2589,246,2589,246,2589,246,2592,243,2835,91.32,91.32,91.32,91.43
2867,3102,0,3101,1,3101,1,3102,0,3102,100.0,99.97,99.97,100.0
5996B,3067,24,3066,25,3066,25,2960,131,3091,99.22,99.19,99.19,95.76
6307C,725,1,725,1,725,1,0,726,726,99.86,99.86,99.86,0.0
0016A,3100,2,3100,2,3100,2,3102,0,3102,99.94,99.94,99.94,100.0
8008Y,3070,18,3070,18,3070,18,2840,248,3088,99.42,99.42,99.42,91.97
1012P,3095,3,3095,3,3095,3,3002,96,3098,99.9,99.9,99.9,96.9
C019V,3083,6,3083,6,3083,6,3077,12,3089,99.81,99.81,99.81,99.61
8059C,3035,36,3035,36,3035,36,3069,2,3071,98.83,98.83,98.83,99.93
3103,3078,6,3078,6,3078,6,3072,12,3084,99.81,99.81,99.81,99.61
C328W,3063,2,3064,1,3063,2,2875,190,3065,99.93,99.97,99.93,93.8
5654X,3032,26,3033,25,3032,26,3023,35,3058,99.15,99.18,99.15,98.86
1055B,1095,80,1095,80,1095,80,789,386,1175,93.19,93.19,93.19,67.15
7119B,3092,10,3073,29,3073,29,3091,11,3102,99.68,99.07,99.07,99.65
8492X,3053,7,3053,7,3053,7,3059,1,3060,99.77,99.77,99.77,99.97
C446G,3093,9,3093,9,3093,9,3073,29,3102,99.71,99.71,99.71,99.07
7023X,3101,1,3100,2,3100,2,3064,38,3102,99.97,99.94,99.94,98.77
0341,3041,31,3041,31,3041,31,3071,1,3072,98.99,98.99,98.99,99.97
1738U,3064,9,3064,9,3064,9,3036,37,3073,99.71,99.71,99.71,98.8
2811A,580,456,581,455,580,456,480,556,1036,55.98,56.08,55.98,46.33
9051,3018,20,3016,22,3013,25,2895,143,3038,99.34,99.28,99.18,95.29
C459Z,3074,9,3074,9,3074,9,3078,5,3083,99.71,99.71,99.71,99.84
8072Y,3023,77,3023,77,3023,77,3094,6,3100,97.52,97.52,97.52,99.81
B526X,3097,5,3097,5,3096,6,3084,18,3102,99.84,99.84,99.81,99.42
9729X,2984,51,2984,51,2984,51,2967,68,3035,98.32,98.32,98.32,97.76
9720X,794,134,794,134,794,134,901,27,928,85.56,85.56,85.56,97.09
5514,3101,1,3102,0,3101,1,3102,0,3102,99.97,100.0,99.97,100.0
2847X,3020,61,3015,66,3014,67,3055,26,3081,98.02,97.86,97.83,99.16
4452,3102,0,3102,0,3102,0,3102,0,3102,100.0,100.0,100.0,100.0
9069C,3083,3,3084,2,3083,3,2947,139,3086,99.9,99.94,99.9,95.5
3469A,3102,0,3102,0,3102,0,3102,0,3102,100.0,100.0,100.0,100.0
4492F,3084,11,3085,10,3084,11,3088,7,3095,99.64,99.68,99.64,99.77
1400,2905,11,2905,11,2905,11,2847,69,2916,99.62,99.62,99.62,97.63
1393,2961,104,2961,104,2960,105,3018,47,3065,96.61,96.61,96.57,98.47
C412N,3090,6,3090,6,3090,6,3062,34,3096,99.81,99.81,99.81,98.9
9590,3083,19,3083,19,3083,19,2965,137,3102,99.39,99.39,99.39,95.58
7096B,3083,9,3083,9,3083,9,3062,30,3092,99.71,99.71,99.71,99.03
C139E,3053,49,3052,50,3051,51,3102,0,3102,98.42,98.39,98.36,100.0
9901X,3099,2,3099,2,3099,2,3079,22,3101,99.94,99.94,99.94,99.29
C038N,3079,20,3079,20,3079,20,3085,14,3099,99.35,99.35,99.35,99.55
3463Y,2072,26,2072,26,2072,26,2078,20,2098,98.76,98.76,98.76,99.05
5429X,3050,41,3050,41,3050,41,3082,9,3091,98.67,98.67,98.67,99.71
9898,3102,0,3102,0,3102,0,3102,0,3102,100.0,100.0,100.0,100.0
4244X,3039,60,3039,60,3039,60,3096,3,3099,98.06,98.06,98.06,99.9
B334X,3092,9,3092,9,3092,9,3089,12,3101,99.71,99.71,99.71,99.61
9839V,2055,0,2055,0,2055,0,1999,56,2055,100.0,100.0,100.0,97.27
9263X,2918,53,2918,53,2918,53,2911,60,2971,98.22,98.22,98.22,97.98
9091O,3102,0,3102,0,3102,0,3102,0,3102,100.0,100.0,100.0,100.0
1272B,3098,4,3098,4,3098,4,3047,55,3102,99.87,99.87,99.87,98.23
3125Y,2263,312,2263,312,2263,312,2411,164,2575,87.88,87.88,87.88,93.63
0360X,3053,14,3053,14,3053,14,2988,79,3067,99.54,99.54,99.54,97.42
1331A,3032,34,3032,34,3032,34,3047,19,3066,98.89,98.89,98.89,99.38
1387D,2923,114,2919,118,2919,118,2998,39,3037,96.25,96.11,96.11,98.72
C317B,3076,21,3076,21,3076,21,3088,9,3097,99.32,99.32,99.32,99.71
1178Y,3095,1,3094,2,3094,2,3083,13,3096,99.97,99.94,99.94,99.58
0367,3037,65,3035,67,3034,68,3100,2,3102,97.9,97.84,97.81,99.94
6268Y,1972,1130,1972,1130,1972,1130,3097,5,3102,63.57,63.57,63.57,99.84
1473A,2997,55,2997,55,2997,55,2986,66,3052,98.2,98.2,98.2,97.84
7002Y,3097,4,3093,8,3091,10,3097,4,3101,99.87,99.74,99.68,99.87
5516D,1427,7,1427,7,1427,7,0,1434,1434,99.51,99.51,99.51,0.0
7138B,3100,2,3097,5,3097,5,3092,10,3102,99.94,99.84,99.84,99.68
5051X,643,49,643,49,643,49,433,259,692,92.92,92.92,92.92,62.57
1475X,2992,62,2992,62,2990,64,3007,47,3054,97.97,97.97,97.9,98.46
7067Y,2646,20,2646,20,2646,20,2651,15,2666,99.25,99.25,99.25,99.44
6088X,3064,38,3064,38,3064,38,3075,27,3102,98.77,98.77,98.77,99.13
0120X,3086,10,3086,10,3086,10,3088,8,3096,99.68,99.68,99.68,99.74
4497X,3008,53,3008,53,3008,53,3058,3,3061,98.27,98.27,98.27,99.9
3209Y,3068,6,3068,6,3068,6,3043,31,3074,99.8,99.8,99.8,98.99
2517A,3067,13,3065,15,3063,17,3053,27,3080,99.58,99.51,99.45,99.12
4511C,3042,43,3042,43,3042,43,3082,3,3085,98.61,98.61,98.61,99.9
5341C,3057,39,3057,39,3057,39,3064,32,3096,98.74,98.74,98.74,98.97
9262,2983,55,2987,51,2966,72,3030,8,3038,98.19,98.32,97.63,99.74
1354C,2991,29,2990,30,2990,30,2976,44,3020,99.04,99.01,99.01,98.54
3386A,3077,12,3078,11,3077,12,3087,2,3089,99.61,99.64,99.61,99.94
3362Y,3021,56,3021,56,3021,56,2918,159,3077,98.18,98.18,98.18,94.83
1399,3089,8,3089,8,3089,8,3040,57,3097,99.74,99.74,99.74,98.16
8503Y,3038,22,3038,22,3038,22,3054,6,3060,99.28,99.28,99.28,99.8
0158O,3065,4,3063,6,3063,6,3069,0,3069,99.87,99.8,99.8,100.0
1179B,3005,24,3005,24,3005,24,2981,48,3029,99.21,99.21,99.21,98.42
6364X,3051,16,3051,16,3051,16,2995,72,3067,99.48,99.48,99.48,97.65
C018J,3087,8,3087,8,3087,8,3070,25,3095,99.74,99.74,99.74,99.19
9012E,3066,2,3068,0,3066,2,3066,2,3068,99.93,100.0,99.93,99.93
B373X,3087,14,3086,15,3086,15,3098,3,3101,99.55,99.52,99.52,99.9
9245X,3051,9,3043,17,3040,20,3039,21,3060,99.71,99.44,99.35,99.31
8177A,2546,264,2546,264,2546,264,2750,60,2810,90.6,90.6,90.6,97.86
1249I,2222,1,2222,1,2222,1,2222,1,2223,99.96,99.96,99.96,99.96
3104Y,3060,17,3060,17,3060,17,3006,71,3077,99.45,99.45,99.45,97.69
3343Y,2911,17,2911,17,2911,17,2877,51,2928,99.42,99.42,99.42,98.26
0324A,2792,162,2792,162,2792,162,2463,491,2954,94.52,94.52,94.52,83.38
8210Y,2504,121,2504,121,2504,121,2563,62,2625,95.39,95.39,95.39,97.64
C639M,3079,12,3079,12,3079,12,3070,21,3091,99.61,99.61,99.61,99.32
3512X,3099,2,3099,2,3099,2,3089,12,3101,99.94,99.94,99.94,99.61
1521I,3071,17,3071,17,3071,17,3080,8,3088,99.45,99.45,99.45,99.74
9814I,2053,1,2053,1,2053,1,1996,58,2054,99.95,99.95,99.95,97.18
7211B,3091,11,3091,11,3090,12,2974,128,3102,99.65,99.65,99.61,95.87
1152C,3083,12,3083,12,3083,12,3048,47,3095,99.61,99.61,99.61,98.48
C329Z,2961,141,2963,139,2961,141,3038,64,3102,95.45,95.52,95.45,97.94
3194Y,3072,4,3072,4,3072,4,3063,13,3076,99.87,99.87,99.87,99.58
1167J,1138,12,1138,12,1138,12,394,756,1150,98.96,98.96,98.96,34.26
0255B,1849,29,1849,29,1849,29,1054,824,1878,98.46,98.46,98.46,56.12
4411C,3098,3,3098,3,3098,3,3100,1,3101,99.9,99.9,99.9,99.97
9689X,3057,23,3057,23,3057,23,2947,133,3080,99.25,99.25,99.25,95.68
0320I,3070,7,3070,7,3070,7,3006,71,3077,99.77,99.77,99.77,97.69
5612X,3094,8,3092,10,3092,10,2925,177,3102,99.74,99.68,99.68,94.29
2614,3101,1,3101,1,3101,1,3102,0,3102,99.97,99.97,99.97,100.0
8050X,2983,46,2983,46,2983,46,2971,58,3029,98.48,98.48,98.48,98.09
9726E,3079,18,3079,18,3079,18,3079,18,3097,99.42,99.42,99.42,99.42
6272X,2883,219,2883,219,2883,219,3102,0,3102,92.94,92.94,92.94,100.0
2140A,3096,1,3096,1,3096,1,3094,3,3097,99.97,99.97,99.97,99.9
1486E,1195,9,1193,11,1193,11,1185,19,1204,99.25,99.09,99.09,98.42
6172X,3079,23,3079,23,3079,23,3102,0,3102,99.26,99.26,99.26,100.0
1096X,3086,9,3086,9,3086,9,3081,14,3095,99.71,99.71,99.71,99.55
0158X,3096,2,3096,2,3096,2,3086,12,3098,99.94,99.94,99.94,99.61
4070Y,2996,19,2996,19,2996,19,3000,15,3015,99.37,99.37,99.37,99.5
3427Y,2832,156,2832,156,2832,156,2116,872,2988,94.78,94.78,94.78,70.82
6156X,3024,78,3024,78,3024,78,3102,0,3102,97.49,97.49,97.49,100.0
C239N,3095,5,3095,5,3095,5,3076,24,3100,99.84,99.84,99.84,99.23
2804F,2987,48,2983,52,2981,54,2559,476,3035,98.42,98.29,98.22,84.32
5281X,2871,147,2871,147,2871,147,2990,28,3018,95.13,95.13,95.13,99.07
6057X,2923,168,2923,168,2923,168,3090,1,3091,94.56,94.56,94.56,99.97
8096,3102,0,3102,0,3102,0,3102,0,3102,100.0,100.0,100.0,100.0
C455M,3076,9,3076,9,3076,9,3054,31,3085,99.71,99.71,99.71,99.0
2946X,3074,14,3072,16,3072,16,3025,63,3088,99.55,99.48,99.48,97.96
B410B,3044,50,3044,50,3044,50,3040,54,3094,98.38,98.38,98.38,98.25
1518A,3082,9,3082,9,3082,9,2992,99,3091,99.71,99.71,99.71,96.8
1083L,2917,62,2917,62,2917,62,2904,75,2979,97.92,97.92,97.92,97.48
9208E,3037,16,3038,15,3037,16,3026,27,3053,99.48,99.51,99.48,99.12
2507Y,3093,5,3086,12,3086,12,2944,154,3098,99.84,99.61,99.61,95.03
4263X,3096,5,3096,5,3096,5,3097,4,3101,99.84,99.84,99.84,99.87
3140Y,2931,70,2931,70,2931,70,2747,254,3001,97.67,97.67,97.67,91.54
2084Y,3098,3,3096,5,3096,5,3073,28,3101,99.9,99.84,99.84,99.1
8283X,3091,11,3091,11,3091,11,3016,86,3102,99.65,99.65,99.65,97.23
C658X,3071,26,3071,26,3071,26,3068,29,3097,99.16,99.16,99.16,99.06
1468X,3092,3,3092,3,3092,3,3065,30,3095,99.9,99.9,99.9,99.03
1496X,3054,6,3053,7,3053,7,3041,19,3060,99.8,99.77,99.77,99.38
0073X,3047,15,3047,15,3047,15,3006,56,3062,99.51,99.51,99.51,98.17
1730E,3056,43,3056,43,3056,43,3060,39,3099,98.61,98.61,98.61,98.74
2611D,3092,4,3092,4,3092,4,2834,262,3096,99.87,99.87,99.87,91.54
9918Y,3100,2,3099,3,3099,3,3096,6,3102,99.94,99.9,99.9,99.81
2117D,3074,28,3074,28,3074,28,3002,100,3102,99.1,99.1,99.1,96.78
B860X,3055,44,3055,44,3055,44,3036,63,3099,98.58,98.58,98.58,97.97
2737E,2668,177,2667,178,2667,178,2749,96,2845,93.78,93.74,93.74,96.63
2374X,3011,2,3005,8,3005,8,2931,82,3013,99.93,99.73,99.73,97.28
1212E,3077,25,3073,29,3073,29,3096,6,3102,99.19,99.07,99.07,99.81
9772X,3089,6,3089,6,3089,6,3095,0,3095,99.81,99.81,99.81,100.0
C659M,2898,178,2898,178,2898,178,3030,46,3076,94.21,94.21,94.21,98.5
5726X,3056,23,3056,23,3056,23,3041,38,3079,99.25,99.25,99.25,98.77
4007Y,3047,11,3047,11,3047,11,2770,288,3058,99.64,99.64,99.64,90.58
7103Y,3061,8,3061,8,3061,8,3056,13,3069,99.74,99.74,99.74,99.58
3021Y,2855,147,2855,147,2855,147,2842,160,3002,95.1,95.1,95.1,94.67
6340X,3092,8,3092,8,3092,8,3098,2,3100,99.74,99.74,99.74,99.94
9201K,2248,12,2248,12,2248,12,2207,53,2260,99.47,99.47,99.47,97.65
7250C,3100,2,3100,2,3099,3,3100,2,3102,99.94,99.94,99.9,99.94
3337U,3023,23,3035,11,3021,25,2998,48,3046,99.24,99.64,99.18,98.42
5511,562,19,562,19,562,19,0,581,581,96.73,96.73,96.73,0.0
9336D,3073,22,3072,23,3071,24,3069,26,3095,99.29,99.26,99.22,99.16
1223P,3088,11,3088,11,3088,11,3062,37,3099,99.65,99.65,99.65,98.81
C612F,3070,26,3070,26,3070,26,2448,648,3096,99.16,99.16,99.16,79.07
4499X,3090,12,3090,12,3090,12,3093,9,3102,99.61,99.61,99.61,99.71
5165X,3077,25,3077,25,3077,25,3048,54,3102,99.19,99.19,99.19,98.26
C329B,3020,1,3019,2,3019,2,3020,1,3021,99.97,99.93,99.93,99.97
9771C,3102,0,3102,0,3102,0,3102,0,3102,100.0,100.0,100.0,100.0
0042Y,3080,5,3080,5,3080,5,3063,22,3085,99.84,99.84,99.84,99.29
5470,3070,14,3070,14,3070,14,3052,32,3084,99.55,99.55,99.55,98.96
6329X,3025,69,3025,69,3025,69,2017,1077,3094,97.77,97.77,97.77,65.19
2182C,3069,10,3077,2,3069,10,3051,28,3079,99.68,99.94,99.68,99.09
8395X,3044,18,3044,18,3044,18,3035,27,3062,99.41,99.41,99.41,99.12
B362X,3094,3,3094,3,3094,3,3091,6,3097,99.9,99.9,99.9,99.81
0092X,3050,13,3050,13,3050,13,3047,16,3063,99.58,99.58,99.58,99.48
2626Y,3041,13,3036,18,3034,20,2989,65,3054,99.57,99.41,99.35,97.87
3519X,3047,55,3047,55,3047,55,3102,0,3102,98.23,98.23,98.23,100.0
4089A,2957,6,2957,6,2957,6,2782,181,2963,99.8,99.8,99.8,93.89
1446X,3009,46,3009,46,3009,46,2960,95,3055,98.49,98.49,98.49,96.89
6375X,3049,51,3049,51,3049,51,3100,0,3100,98.35,98.35,98.35,100.0
C669B,3079,14,3079,14,3079,14,3076,17,3093,99.55,99.55,99.55,99.45
C658L,3091,10,3097,4,3091,10,3073,28,3101,99.68,99.87,99.68,99.1
7072Y,3034,50,3034,50,3034,50,3034,50,3084,98.38,98.38,98.38,98.38
1410X,3053,7,3053,7,3053,7,3003,57,3060,99.77,99.77,99.77,98.14
8013X,3062,34,3062,34,3062,34,3059,37,3096,98.9,98.9,98.9,98.8
C428T,3098,4,3098,4,3098,4,3016,86,3102,99.87,99.87,99.87,97.23
2166Y,3085,1,3085,1,3085,1,3053,33,3086,99.97,99.97,99.97,98.93
C439J,3100,2,3100,2,3100,2,3047,55,3102,99.94,99.94,99.94,98.23
B013X,3074,20,3074,20,3074,20,3022,72,3094,99.35,99.35,99.35,97.67
9195C,1342,2,1343,1,1342,2,1319,25,1344,99.85,99.93,99.85,98.14
0363X,3083,11,3083,11,3083,11,3067,27,3094,99.64,99.64,99.64,99.13
1025A,3098,1,3098,1,3098,1,3096,3,3099,99.97,99.97,99.97,99.9
4090Y,2893,9,2893,9,2893,9,2270,632,2902,99.69,99.69,99.69,78.22
5270B,3089,13,3089,13,3089,13,3102,0,3102,99.58,99.58,99.58,100.0
B986,3060,20,3060,20,3060,20,2868,212,3080,99.35,99.35,99.35,93.12
4260,3092,7,3092,7,3092,7,3099,0,3099,99.77,99.77,99.77,100.0
4340,3098,0,3098,0,3098,0,3095,3,3098,100.0,100.0,100.0,99.9
1495,3091,11,3088,14,3087,15,3100,2,3102,99.65,99.55,99.52,99.94
8368U,3102,0,3102,0,3102,0,3102,0,3102,100.0,100.0,100.0,100.0
7127X,3092,9,3094,7,3092,9,3095,6,3101,99.71,99.77,99.71,99.81
8057C,3079,6,3079,6,3079,6,3066,19,3085,99.81,99.81,99.81,99.38
4093Y,3046,10,3046,10,3046,10,3026,30,3056,99.67,99.67,99.67,99.02
4245X,3089,13,3089,13,3089,13,3093,9,3102,99.58,99.58,99.58,99.71
5279X,3070,19,3070,19,3070,19,3089,0,3089,99.38,99.38,99.38,100.0
5412X,3098,3,3098,3,3098,3,3069,32,3101,99.9,99.9,99.9,98.97
8018X,3052,45,3053,44,3052,45,3088,9,3097,98.55,98.58,98.55,99.71
2565,1286,3,1287,2,1286,3,1285,4,1289,99.77,99.84,99.77,99.69
2044B,2964,31,2938,57,2932,63,2856,139,2995,98.96,98.1,97.9,95.36
1484C,3100,2,3101,1,3100,2,3087,15,3102,99.94,99.97,99.94,99.52
2624C,3060,3,3058,5,3056,7,2773,290,3063,99.9,99.84,99.77,90.53
C248E,2971,105,2971,105,2971,105,2988,88,3076,96.59,96.59,96.59,97.14
1038X,3086,10,3086,10,3086,10,3079,17,3096,99.68,99.68,99.68,99.45
2331,3102,0,3102,0,3102,0,3102,0,3102,100.0,100.0,100.0,100.0
1021Y,2885,18,2882,21,2882,21,2799,104,2903,99.38,99.28,99.28,96.42
1033X,3093,3,3092,4,3092,4,3094,2,3096,99.9,99.87,99.87,99.94
1014,3102,0,3102,0,3102,0,3102,0,3102,100.0,100.0,100.0,100.0
0429X,3071,19,3071,19,3071,19,3064,26,3090,99.39,99.39,99.39,99.16
C418I,3068,17,3068,17,3068,17,3063,22,3085,99.45,99.45,99.45,99.29
B248,3027,55,3027,55,3027,55,3079,3,3082,98.22,98.22,98.22,99.9
8416Y,3054,45,3054,45,3054,45,3070,29,3099,98.55,98.55,98.55,99.06
3191E,3101,1,3099,3,3099,3,3102,0,3102,99.97,99.9,99.9,100.0
1208H,3101,1,3101,1,3101,1,3100,2,3102,99.97,99.97,99.97,99.94
9657X,2499,412,2499,412,2499,412,2095,816,2911,85.85,85.85,85.85,71.97
2873X,3018,9,3015,12,3014,13,2952,75,3027,99.7,99.6,99.57,97.52
1089U,3051,48,3051,48,3051,48,3094,5,3099,98.45,98.45,98.45,99.84
7020C,2370,2,2358,14,2358,14,1636,736,2372,99.92,99.41,99.41,68.97
3494U,3081,8,3081,8,3081,8,3080,9,3089,99.74,99.74,99.74,99.71
1002Y,3027,28,3027,28,3027,28,3015,40,3055,99.08,99.08,99.08,98.69
2630X,2362,97,2363,96,2361,98,1984,475,2459,96.06,96.1,96.01,80.68
1183X,2957,37,2957,37,2957,37,2919,75,2994,98.76,98.76,98.76,97.49
7228,3102,0,3102,0,3102,0,3102,0,3102,100.0,100.0,100.0,100.0
1696O,3085,11,3086,10,3085,11,3022,74,3096,99.64,99.68,99.64,97.61
3100B,2978,103,2978,103,2978,103,2982,99,3081,96.66,96.66,96.66,96.79
9321X,2845,2,2845,2,2845,2,2842,5,2847,99.93,99.93,99.93,99.82
4091Y,3090,12,3090,12,3090,12,3093,9,3102,99.61,99.61,99.61,99.71
2863C,3017,4,2999,22,2998,23,2922,99,3021,99.87,99.27,99.24,96.72
9946X,2802,20,2802,20,2802,20,2767,55,2822,99.29,99.29,99.29,98.05
0372C,2868,32,2868,32,2868,32,2852,48,2900,98.9,98.9,98.9,98.34
C449F,3098,3,3099,2,3098,3,3071,30,3101,99.9,99.94,99.9,99.03
1690A,3031,0,3030,1,3030,1,3003,28,3031,100.0,99.97,99.97,99.08
C436I,3041,43,3041,43,3041,43,3056,28,3084,98.61,98.61,98.61,99.09
C417J,3062,17,3062,17,3062,17,3051,28,3079,99.45,99.45,99.45,99.09
5515D,2866,138,2866,138,2866,138,2912,92,3004,95.41,95.41,95.41,96.94
2664B,2950,15,2941,24,2936,29,2820,145,2965,99.49,99.19,99.02,95.11
0034X,3100,2,3100,2,3100,2,3002,100,3102,99.94,99.94,99.94,96.78
C614H,2926,14,2926,14,2926,14,2911,29,2940,99.52,99.52,99.52,99.01
9263D,3090,12,3088,14,3088,14,3101,1,3102,99.61,99.55,99.55,99.97
4075Y,2971,102,2971,102,2971,102,2702,371,3073,96.68,96.68,96.68,87.93
9016X,3086,14,3086,14,3086,14,3099,1,3100,99.55,99.55,99.55,99.97
3182Y,2945,18,2945,18,2945,18,2880,83,2963,99.39,99.39,99.39,97.2
5919X,3056,34,3056,34,3056,34,3041,49,3090,98.9,98.9,98.9,98.41
7247X,3068,28,3068,28,3068,28,3083,13,3096,99.1,99.1,99.1,99.58
9274X,3097,4,3094,7,3094,7,3079,22,3101,99.87,99.77,99.77,99.29
7209,2999,77,2972,104,2971,105,2937,139,3076,97.5,96.62,96.59,95.48
5210X,2939,161,2939,161,2939,161,2907,193,3100,94.81,94.81,94.81,93.77
C148F,3051,1,3051,1,3051,1,2989,63,3052,99.97,99.97,99.97,97.94
6293X,2434,218,2434,218,2434,218,2297,355,2652,91.78,91.78,91.78,86.61
8489X,3078,4,3078,4,3078,4,2788,294,3082,99.87,99.87,99.87,90.46
9866C,3083,17,3080,20,3080,20,3075,25,3100,99.45,99.35,99.35,99.19
8036Y,2616,24,2616,24,2616,24,2634,6,2640,99.09,99.09,99.09,99.77
6155A,3090,12,3089,13,3088,14,3102,0,3102,99.61,99.58,99.55,100.0
1078C,3098,3,3098,3,3098,3,3069,32,3101,99.9,99.9,99.9,98.97
3448X,3044,58,3044,58,3044,58,3075,27,3102,98.13,98.13,98.13,99.13
0201D,2615,178,2615,178,2615,178,2789,4,2793,93.63,93.63,93.63,99.86
2775X,3055,14,3052,17,3050,19,3000,69,3069,99.54,99.45,99.38,97.75
2030,3102,0,3102,0,3102,0,3102,0,3102,100.0,100.0,100.0,100.0
9576C,521,0,521,0,521,0,508,13,521,100.0,100.0,100.0,97.5
2755X,3099,3,3099,3,3099,3,3033,69,3102,99.9,99.9,99.9,97.78
3305Y,2992,38,2992,38,2992,38,2975,55,3030,98.75,98.75,98.75,98.18
C466O,2907,72,2906,73,2906,73,2952,27,2979,97.58,97.55,97.55,99.09
B870C,3029,46,3028,47,3028,47,2855,220,3075,98.5,98.47,98.47,92.85
2298,3014,14,3007,21,3005,23,2931,97,3028,99.54,99.31,99.24,96.8
6069X,3019,40,3019,40,3019,40,3007,52,3059,98.69,98.69,98.69,98.3
0284X,2981,115,2981,115,2981,115,2988,108,3096,96.29,96.29,96.29,96.51
B954,3096,6,3096,6,3096,6,3102,0,3102,99.81,99.81,99.81,100.0
3129,3101,1,3102,0,3101,1,3102,0,3102,99.97,100.0,99.97,100.0
9908X,3077,7,3073,11,3071,13,3076,8,3084,99.77,99.64,99.58,99.74
9546B,3089,9,3089,9,3089,9,3090,8,3098,99.71,99.71,99.71,99.74
C229J,2931,98,2931,98,2931,98,2988,41,3029,96.76,96.76,96.76,98.65
5783,3075,27,3074,28,3074,28,3098,4,3102,99.13,99.1,99.1,99.87
3268C,3009,17,3009,17,3009,17,2977,49,3026,99.44,99.44,99.44,98.38
B691,2008,1077,2028,1057,1599,1486,3020,65,3085,65.09,65.74,51.83,97.89
5047E,2861,23,2861,23,2861,23,2608,276,2884,99.2,99.2,99.2,90.43
3168D,3100,2,3100,2,3100,2,3102,0,3102,99.94,99.94,99.94,100.0
9201X,821,1,819,3,819,3,820,2,822,99.88,99.64,99.64,99.76
1521X,3090,9,3090,9,3090,9,3037,62,3099,99.71,99.71,99.71,98.0
0433D,1870,1111,1870,1111,1870,1111,1807,1174,2981,62.73,62.73,62.73,60.62
8439X,3039,27,3039,27,3039,27,2947,119,3066,99.12,99.12,99.12,96.12
1658,2936,83,2936,83,2936,83,2889,130,3019,97.25,97.25,97.25,95.69
9994X,2979,13,2978,14,2978,14,2601,391,2992,99.57,99.53,99.53,86.93
9569A,3082,6,3082,6,3082,6,3074,14,3088,99.81,99.81,99.81,99.55
C635B,3080,13,3080,13,3080,13,3078,15,3093,99.58,99.58,99.58,99.52
6201X,3037,42,3037,42,3037,42,2892,187,3079,98.64,98.64,98.64,93.93
C919K,2803,92,2803,92,2802,93,2800,95,2895,96.82,96.82,96.79,96.72
9513X,3095,7,3095,7,3095,7,3072,30,3102,99.77,99.77,99.77,99.03
9573X,3066,33,3066,33,3066,33,3086,13,3099,98.94,98.94,98.94,99.58
1124E,3069,19,3069,19,3069,19,3083,5,3088,99.38,99.38,99.38,99.84
5796,3101,1,3101,1,3101,1,3102,0,3102,99.97,99.97,99.97,100.0
1437O,206,2,206,2,206,2,173,35,208,99.04,99.04,99.04,83.17
C419L,2464,8,2462,10,2462,10,2468,4,2472,99.68,99.6,99.6,99.84
5103F,702,1,702,1,702,1,0,703,703,99.86,99.86,99.86,0.0
3099Y,2866,9,2866,9,2866,9,2811,64,2875,99.69,99.69,99.69,97.77
C319W,3099,3,3099,3,3099,3,3102,0,3102,99.9,99.9,99.9,100.0
2930Y,3000,35,3000,35,3000,35,3023,12,3035,98.85,98.85,98.85,99.6
5060X,3080,17,3080,17,3080,17,3096,1,3097,99.45,99.45,99.45,99.97
5402,3096,6,3092,10,3092,10,3102,0,3102,99.81,99.68,99.68,100.0
5983X,3051,12,3051,12,3051,12,3043,20,3063,99.61,99.61,99.61,99.35
C437E,3073,14,3073,14,3073,14,3056,31,3087,99.55,99.55,99.55,99.0
1221D,3025,29,3025,29,3025,29,2906,148,3054,99.05,99.05,99.05,95.15
9122I,3079,7,3079,7,3079,7,3080,6,3086,99.77,99.77,99.77,99.81
1542,2834,109,2834,109,2834,109,2624,319,2943,96.3,96.3,96.3,89.16
2096B,3079,8,3080,7,3076,11,3059,28,3087,99.74,99.77,99.64,99.09
2462,3102,0,3102,0,3102,0,3102,0,3102,100.0,100.0,100.0,100.0
3536X,3082,11,3082,11,3082,11,3076,17,3093,99.64,99.64,99.64,99.45
9427X,3083,15,3083,15,3082,16,3088,10,3098,99.52,99.52,99.48,99.68
6045X,3090,12,3090,12,3090,12,3101,1,3102,99.61,99.61,99.61,99.97
C659H,2593,449,2593,449,2593,449,2995,47,3042,85.24,85.24,85.24,98.45
2734D,2836,66,2859,43,2835,67,2834,68,2902,97.73,98.52,97.69,97.66
5911A,3037,29,3037,29,3037,29,3017,49,3066,99.05,99.05,99.05,98.4
3040Y,2215,329,2215,329,2215,329,2337,207,2544,87.07,87.07,87.07,91.86
1363X,3044,40,3044,40,3044,40,2985,99,3084,98.7,98.7,98.7,96.79
5612B,2883,96,2882,97,2882,97,2878,101,2979,96.78,96.74,96.74,96.61
3094B,2692,400,2692,400,2692,400,2688,404,3092,87.06,87.06,87.06,86.93
9228T,3078,7,3078,7,3078,7,3071,14,3085,99.77,99.77,99.77,99.55
8025,3097,5,3097,5,3097,5,3063,39,3102,99.84,99.84,99.84,98.74
2172Y,2995,15,2987,23,2986,24,2933,77,3010,99.5,99.24,99.2,97.44
4095Y,2720,259,2720,259,2720,259,2672,307,2979,91.31,91.31,91.31,89.69
6277B,2009,786,2010,785,2009,786,2362,433,2795,71.88,71.91,71.88,84.51
6050X,2892,33,2892,33,2892,33,2914,11,2925,98.87,98.87,98.87,99.62
1176A,3081,15,3082,14,3081,15,3009,87,3096,99.52,99.55,99.52,97.19
6100B,2423,86,2423,86,2423,86,2497,12,2509,96.57,96.57,96.57,99.52
1103X,944,8,944,8,944,8,879,73,952,99.16,99.16,99.16,92.33
0294B,3102,0,3102,0,3102,0,3102,0,3102,100.0,100.0,100.0,100.0
0281Y,3096,6,3096,6,3096,6,3096,6,3102,99.81,99.81,99.81,99.81
9141V,3098,4,3098,4,3098,4,3099,3,3102,99.87,99.87,99.87,99.9
9073X,3084,1,3084,1,3084,1,3085,0,3085,99.97,99.97,99.97,100.0
B825B,3068,34,3068,34,3068,34,3094,8,3102,98.9,98.9,98.9,99.74
6083X,2706,380,2706,380,2706,380,3044,42,3086,87.69,87.69,87.69,98.64
C453I,3061,6,3062,5,3061,6,3049,18,3067,99.8,99.84,99.8,99.41
3463X,883,117,883,117,883,117,997,3,1000,88.3,88.3,88.3,99.7
2401X,3100,1,3100,1,3100,1,3043,58,3101,99.97,99.97,99.97,98.13
5514Z,1250,550,1250,550,1250,550,1746,54,1800,69.44,69.44,69.44,97.0
9377Y,2925,81,2925,81,2925,81,2985,21,3006,97.31,97.31,97.31,99.3
5972X,3068,27,3068,27,3068,27,3082,13,3095,99.13,99.13,99.13,99.58
9170,3100,1,3098,3,3098,3,3100,1,3101,99.97,99.9,99.9,99.97
B087X,3080,17,3080,17,3080,17,3089,8,3097,99.45,99.45,99.45,99.74
3044X,1785,47,1785,47,1785,47,1813,19,1832,97.43,97.43,97.43,98.96
2661B,212,0,212,0,212,0,212,0,212,100.0,100.0,100.0,100.0
9001D,2962,64,2962,64,2962,64,2932,94,3026,97.88,97.88,97.88,96.89
6084X,1820,1267,1820,1267,1820,1267,3086,1,3087,58.96,58.96,58.96,99.97
C457I,3072,16,3072,16,3072,16,3068,20,3088,99.48,99.48,99.48,99.35
2885K,3032,67,3031,68,3031,68,3059,40,3099,97.84,97.81,97.81,98.71
1679A,3058,32,3058,32,3058,32,2938,152,3090,98.96,98.96,98.96,95.08
9987P,935,20,935,20,935,20,942,13,955,97.91,97.91,97.91,98.64
7012C,3076,19,3065,30,3065,30,3055,40,3095,99.39,99.03,99.03,98.71
7261X,3070,1,3070,1,3070,1,3033,38,3071,99.97,99.97,99.97,98.76
B158X,3024,38,3023,39,3023,39,3034,28,3062,98.76,98.73,98.73,99.09
C648N,3048,44,3048,44,3048,44,3034,58,3092,98.58,98.58,98.58,98.12
8270X,3009,85,3009,85,3009,85,3052,42,3094,97.25,97.25,97.25,98.64
9751,3090,4,3088,6,3088,6,3082,12,3094,99.87,99.81,99.81,99.61
3504X,3074,25,3074,25,3074,25,3090,9,3099,99.19,99.19,99.19,99.71
C436L,3008,18,3008,18,3008,18,3005,21,3026,99.41,99.41,99.41,99.31
9301X,3094,7,3094,7,3094,7,3078,23,3101,99.77,99.77,99.77,99.26
1059X,2074,1008,2074,1008,2074,1008,3078,4,3082,67.29,67.29,67.29,99.87
3562X,3085,3,3085,3,3085,3,3053,35,3088,99.9,99.9,99.9,98.87
9218A,3089,4,3090,3,3089,4,3087,6,3093,99.87,99.9,99.87,99.81
2539,3100,2,3098,4,3097,5,3102,0,3102,99.94,99.87,99.84,100.0
9660,2934,54,2929,59,2926,62,1968,1020,2988,98.19,98.03,97.93,65.86
4608X,3009,20,3008,21,3008,21,3005,24,3029,99.34,99.31,99.31,99.21
1719,3080,11,3080,11,3080,11,3041,50,3091,99.64,99.64,99.64,98.38
B605X,3069,29,3069,29,3069,29,3087,11,3098,99.06,99.06,99.06,99.64
1050J,2821,218,2821,218,2821,218,3038,1,3039,92.83,92.83,92.83,99.97
1455I,2913,64,2908,69,2906,71,2778,199,2977,97.85,97.68,97.62,93.32
4589X,3056,10,3055,11,3055,11,3016,50,3066,99.67,99.64,99.64,98.37
1049N,3085,12,3085,12,3085,12,3079,18,3097,99.61,99.61,99.61,99.42
9650X,3091,11,3091,11,3091,11,3058,44,3102,99.65,99.65,99.65,98.58
C316I,2518,1,2516,3,2516,3,2518,1,2519,99.96,99.88,99.88,99.96
3170Y,2854,45,2854,45,2854,45,2880,19,2899,98.45,98.45,98.45,99.34
9632X,2980,70,2980,70,2980,70,2862,188,3050,97.7,97.7,97.7,93.84
2969U,3008,13,3008,13,3008,13,2963,58,3021,99.57,99.57,99.57,98.08
9207,3094,4,3094,4,3094,4,3088,10,3098,99.87,99.87,99.87,99.68
9495Y,3086,5,3075,16,3075,16,3086,5,3091,99.84,99.48,99.48,99.84
0394X,3085,8,3085,8,3085,8,3043,50,3093,99.74,99.74,99.74,98.38
C426R,3058,16,3058,16,3058,16,3027,47,3074,99.48,99.48,99.48,98.47
5733X,3064,26,3064,26,3064,26,3065,25,3090,99.16,99.16,99.16,99.19
8309X,3081,11,3081,11,3081,11,3070,22,3092,99.64,99.64,99.64,99.29
C428U,3042,24,3042,24,3042,24,3035,31,3066,99.22,99.22,99.22,98.99
0194D,2851,166,2851,166,2851,166,2817,200,3017,94.5,94.5,94.5,93.37
0002I,1037,62,1037,62,1037,62,930,169,1099,94.36,94.36,94.36,84.62
9784P,3092,9,3094,7,3092,9,3032,69,3101,99.71,99.77,99.71,97.77
1226X,3027,71,3027,71,3027,71,2984,114,3098,97.71,97.71,97.71,96.32
5950X,3081,4,3081,4,3081,4,3080,5,3085,99.87,99.87,99.87,99.84
9491X,3076,18,3073,21,3073,21,3080,14,3094,99.42,99.32,99.32,99.55
9894Y,3089,10,3088,11,3087,12,3087,12,3099,99.68,99.65,99.61,99.61
9287A,3044,15,3040,19,3033,26,2934,125,3059,99.51,99.38,99.15,95.91
1283U,2875,30,2875,30,2875,30,2764,141,2905,98.97,98.97,98.97,95.15
2593D,3095,5,3094,6,3094,6,3069,31,3100,99.84,99.81,99.81,99.0
1207U,2928,149,2928,149,2928,149,2799,278,3077,95.16,95.16,95.16,90.97
8084Y,670,2153,670,2153,670,2153,2823,0,2823,23.73,23.73,23.73,100.0
2742R,3043,47,3036,54,3036,54,2995,95,3090,98.48,98.25,98.25,96.93
7244X,3102,0,3102,0,3102,0,2950,152,3102,100.0,100.0,100.0,95.1
9935X,3097,4,3096,5,3096,5,3093,8,3101,99.87,99.84,99.84,99.74
5298X,2922,56,2922,56,2922,56,2974,4,2978,98.12,98.12,98.12,99.87
C668V,2826,12,2826,12,2826,12,2821,17,2838,99.58,99.58,99.58,99.4
9453X,3095,7,3095,7,3095,7,3077,25,3102,99.77,99.77,99.77,99.19
3175,3095,7,3087,15,3086,16,3102,0,3102,99.77,99.52,99.48,100.0
4193Y,3017,71,3017,71,3017,71,3086,2,3088,97.7,97.7,97.7,99.94
9647X,3085,8,3085,8,3085,8,3078,15,3093,99.74,99.74,99.74,99.52
B051A,1798,0,1798,0,1798,0,1791,7,1798,100.0,100.0,100.0,99.61
B434X,2973,24,2973,24,2973,24,2968,29,2997,99.2,99.2,99.2,99.03
B301,3086,10,3086,10,3086,10,3095,1,3096,99.68,99.68,99.68,99.97
1342X,3039,22,3039,22,3039,22,3043,18,3061,99.28,99.28,99.28,99.41
B760X,3056,24,3056,24,3056,24,3068,12,3080,99.22,99.22,99.22,99.61
0149X,3049,20,3049,20,3049,20,3028,41,3069,99.35,99.35,99.35,98.66
C939T,3091,11,3091,11,3091,11,2631,471,3102,99.65,99.65,99.65,84.82
4138Y,2927,17,2927,17,2927,17,2922,22,2944,99.42,99.42,99.42,99.25
1347T,3090,10,3090,10,3090,10,3055,45,3100,99.68,99.68,99.68,98.55
5998X,3078,7,3078,7,3078,7,3076,9,3085,99.77,99.77,99.77,99.71
0321,2860,0,2860,0,2860,0,2860,0,2860,100.0,100.0,100.0,100.0
0260X,3054,9,3054,9,3054,9,3022,41,3063,99.71,99.71,99.71,98.66
3013,3101,1,3101,1,3101,1,3101,1,3102,99.97,99.97,99.97,99.97
9111,2482,398,2482,398,2478,402,2846,34,2880,86.18,86.18,86.04,98.82
8058X,1554,140,1554,140,1554,140,1651,43,1694,91.74,91.74,91.74,97.46
4236Y,3083,19,3083,19,3083,19,3097,5,3102,99.39,99.39,99.39,99.84
9531Y,3097,4,3097,4,3097,4,3095,6,3101,99.87,99.87,99.87,99.81
1466A,3060,41,3059,42,3059,42,3079,22,3101,98.68,98.65,98.65,99.29
9707,2908,44,2908,44,2908,44,2919,33,2952,98.51,98.51,98.51,98.88
C458U,3042,19,3042,19,3042,19,2984,77,3061,99.38,99.38,99.38,97.48
9619,2598,28,2598,28,2598,28,1891,735,2626,98.93,98.93,98.93,72.01
9019B,3048,15,3048,15,3048,15,3060,3,3063,99.51,99.51,99.51,99.9
7026X,3090,12,3089,13,3089,13,3102,0,3102,99.61,99.58,99.58,100.0
5788X,2320,3,2320,3,2320,3,2292,31,2323,99.87,99.87,99.87,98.67
B278,3102,0,3102,0,3102,0,3102,0,3102,100.0,100.0,100.0,100.0
C129Z,2801,100,2801,100,2801,100,2520,381,2901,96.55,96.55,96.55,86.87
6367B,3045,55,3045,55,3045,55,3052,48,3100,98.23,98.23,98.23,98.45
B346X,1902,97,1902,97,1902,97,1966,33,1999,95.15,95.15,95.15,98.35
9947X,3075,16,3075,16,3075,16,3032,59,3091,99.48,99.48,99.48,98.09
5164B,3025,48,3025,48,3025,48,2927,146,3073,98.44,98.44,98.44,95.25
